Rank;Sequence;Start;End;Positions;BebiScore
0;LKK;65;67;[65, 66, 67];0.552777777778
1;GTTSPISEHDYQIGGYTEKWES;174;195;[174, 175, 176, 177, 178, 179, 180, 181, 182, 183, 184, 185, 186, 187, 188, 189, 190, 191, 192, 193, 194, 195];0.550777777778
2;LSTDTG;219;224;[219, 220, 221, 222, 223, 224];0.557555555556
3;DGSSGVVNP;250;258;[250, 251, 252, 253, 254, 255, 256, 257, 258];0.559333333333
4;EPIYDEPTTTT;261;271;[261, 262, 263, 264, 265, 266, 267, 268, 269, 270, 271];0.557
